fold,accuracy,loss,TP,FP,TN,FN
1,0.9645669460296631,0.10853634029626846,23868,15756,9898,14994
2,0.9330708384513855,0.24432401359081268,19140,14388,13298,17690
3,0.9488189220428467,0.13714978098869324,22040,14790,11118,16568
4,0.9212598204612732,0.31592074036598206,17399,14859,14859,17399
5,0.9645669460296631,0.1737898588180542,23562,15554,10100,15300
